{
 "text": " Typisch Franzose. Also der typische Franzose tr\u00e4gt ein gestreiftes T-Shirt und eine Baskenm\u00fctze. Er spricht keine Fremdensprachen, also nur franz\u00f6sisch. Franzosen essen zum Fr\u00fchst\u00fcck Croissants und Baguette und sie trinken ihren Kaffee aus einem Boll. \u00dcberhaupt essen Franzosen gerne Froschchenkel, G\u00e4nseleber, Pastete, K\u00e4se und sie trinken viel Wein. Franzosen sind sehr undiszipliniert und streiken st\u00e4ndig. Im Auto hupen sie und fluchen auch sehr viel. Franzosen sind sehr modebewusst und flirten sehr gerne. Sie sind oft untreu.",
 "segments": [
  {
   "id": 0,
   "seek": 0,
   "start": 0.0,
   "end": 10.0,
   "text": " Typisch Franzose. Also der typische Franzose tr\u00e4gt ein gestreiftes T-Shirt und eine Baskenm\u00fctze.",
   "tokens": [
    50364,
    17722,
    5494,
    33084,
    541,
    13,
    2743,
    1163,
    2125,
    7864,
    33084,
    541,
    33367,
    10463,
    1343,
    7219,
    265,
    2008,
    279,
    314,
    12,
    7774,
    2498,
    674,
    3018,
    363,
    3863,
    268,
    76,
    7695,
    1381,
    13,
    50864,
    50864,
    3300,
    42088,
    9252,
    479,
    2579,
    1556,
    18193,
    11646,
    11,
    611,
    4343,
    431,
    3910,
    11310,
    5494,
    13,
    33084,
    6441,
    41749,
    5919,
    47400,
    372,
    6536,
    18965,
    891,
    1719,
    674,
    24377,
    84,
    3007,
    674,
    2804,
    504,
    35061,
    22347,
    591,
    2518,
    1653,
    3437,
    6827,
    363,
    1833,
    13,
    51464,
    51464
   ],
   "temperature": 0.0,
   "avg_logprob": -0.1794343948364258,
   "compression_ratio": 1.3715846994535519,
   "no_speech_prob": 0.26116013526916504
  },
  {
   "id": 1,
   "seek": 0,
   "start": 10.0,
   "end": 22.0,
   "text": " Er spricht keine Fremdensprachen, also nur franz\u00f6sisch. Franzosen essen zum Fr\u00fchst\u00fcck Croissants und Baguette und sie trinken ihren Kaffee aus einem Boll.",
   "tokens": [
    50364,
    17722,
    5494,
    33084,
    541,
    13,
    2743,
    1163,
    2125,
    7864,
    33084,
    541,
    33367,
    10463,
    1343,
    7219,
    265,
    2008,
    279,
    314,
    12,
    7774,
    2498,
    674,
    3018,
    363,
    3863,
    268,
    76,
    7695,
    1381,
    13,
    50864,
    50864,
    3300,
    42088,
    9252,
    479,
    2579,
    1556,
    18193,
    11646,
    11,
    611,
    4343,
    431,
    3910,
    11310,
    5494,
    13,
    33084,
    6441,
    41749,
    5919,
    47400,
    372,
    6536,
    18965,
    891,
    1719,
    674,
    24377,
    84,
    3007,
    674,
    2804,
    504,
    35061,
    22347,
    591,
    2518,
    1653,
    3437,
    6827,
    363,
    1833,
    13,
    51464,
    51464
   ],
   "temperature": 0.0,
   "avg_logprob": -0.1794343948364258,
   "compression_ratio": 1.3715846994535519,
   "no_speech_prob": 0.26116013526916504
  },
  {
   "id": 2,
   "seek": 2200,
   "start": 22.0,
   "end": 35.0,
   "text": " \u00dcberhaupt essen Franzosen gerne Froschchenkel, G\u00e4nseleber, Pastete, K\u00e4se und sie trinken viel Wein. Franzosen sind sehr undiszipliniert und streiken st\u00e4ndig.",
   "tokens": [
    50364,
    18086,
    19276,
    41749,
    33084,
    6441,
    15689,
    1526,
    329,
    339,
    2470,
    7124,
    11,
    460,
    4029,
    405,
    306,
    607,
    11,
    18408,
    3498,
    11,
    40502,
    405,
    674,
    2804,
    504,
    35061,
    5891,
    34477,
    13,
    33084,
    6441,
    3290,
    5499,
    674,
    271,
    3992,
    48102,
    4859,
    674,
    2242,
    19640,
    342,
    38861,
    13,
    51014,
    51014,
    4331,
    13738,
    276,
    1010,
    268,
    2804,
    674,
    932,
    11285,
    2168,
    5499,
    5891,
    13,
    33084,
    6441,
    3290,
    5499,
    4391,
    47465,
    26340,
    674,
    932,
    347,
    1147,
    5499,
    15689,
    13,
    3559,
    3290,
    11649,
    1701,
    30844,
    13,
    51614
   ],
   "temperature": 0.0,
   "avg_logprob": -0.12240945287497647,
   "compression_ratio": 1.5217391304347827,
   "no_speech_prob": 4.8312213039025664e-05
  },
  {
   "id": 3,
   "seek": 3500,
   "start": 35.0,
   "end": 47.0,
   "text": " Im Auto hupen sie und fluchen auch sehr viel. Franzosen sind sehr modebewusst und flirten sehr gerne. Sie sind oft untreu.",
   "tokens": [
    50364,
    4331,
    13738,
    276,
    1010,
    268,
    2804,
    674,
    932,
    11285,
    2168,
    5499,
    5891,
    13,
    33084,
    6441,
    3290,
    5499,
    4391,
    47465,
    26340,
    674,
    932,
    347,
    1147,
    5499,
    15689,
    13,
    3559,
    3290,
    11649,
    1701,
    30844,
    13,
    50964
   ],
   "temperature": 0.0,
   "avg_logprob": -0.17198500368330213,
   "compression_ratio": 1.2323232323232323,
   "no_speech_prob": 0.0007094828179106116
  }
 ],
 "language": "German"
}